-- виды клубов в зависимости от функционала
INSERT INTO club_status VALUES
(NULL, 'SPORTLAND Light'),
(NULL, 'SPORTLAND Aqua'),
(NULL, 'SPORTLAND Heals')
;

-- список клубов по видам и городам (10)
INSERT INTO clubs_list (club_status_id, city) 
VALUES
(3, 'Moscow'),
(2, 'Moscow'),
(1, 'Moscow'),
(1, 'Domodedovo'),
(2, 'Domodedovo'),
(3, 'Troitsk'),
(2, 'Troitsk'),
(1, 'Odintsovo'),
(2, 'Odintsovo'),
(2, 'Odintsovo');

-- спецификации каждого клуба
INSERT INTO club_profile
SET
	club_id = '1',
	phone = 89776164061,
	email = 'info1@sportland.ru',
	postal_address = 'Moscow, blablabla, 001',
	square = 250,
	works_till_time = '24:00:00',
	gym = '1',
	kids_club = '1',
	SPA = '1',
	termo = '1',
	rehabilitation = '1',
	cafeteria = '1'
;

INSERT INTO club_profile
SET
	club_id = '6',
	phone = 89776164066,
	email = 'info6@sportland.ru',
	postal_address = 'Troitsk, blablabla, 006',
	square = 250,
	works_till_time = '24:00:00',
	gym = '1',
	SPA = '1',
	termo = '1',
	rehabilitation = '1',
	cafeteria = '1'
;

INSERT INTO club_profile
SET
	club_id = '2',
	phone = 89776164062,
	email = 'info2@sportland.ru',
	postal_address = 'Moscow, blablabla, 002',
	square = 400,
	works_till_time = '22:00:00',
	gym = '1',
	kids_club = '1',
	SPA = '1',
	termo = '1',
	cafeteria = '1',
	pool = '1'
;

INSERT INTO club_profile
SET
	club_id = '5',
	phone = 89776164065,
	email = 'info5@sportland.ru',
	postal_address = 'Domodedovo, blablabla, 005',
	square = 350,
	gym = '1',
	SPA = '1',
	termo = '1',
	cafeteria = '1',
	pool = '1'
;
INSERT INTO club_profile
SET
	club_id = '7',
	phone = 89776164067,
	email = 'info7@sportland.ru',
	postal_address = 'Troitsk, blablabla, 007',
	square = 400,
	works_till_time = '24:00:00',
	gym = '1',
	kids_club = '1',
	SPA = '1',
	termo = '1',
	cafeteria = '1',
	pool = '1'
;

INSERT INTO club_profile
SET
	club_id = '9',
	phone = 89776164069,
	email = 'info9@sportland.ru',
	postal_address = 'Odintsovo, blablabla, 009',
	square = 350,
	gym = '1',
	termo = '1',
	cafeteria = '1',
	pool = '1'
;

INSERT INTO club_profile
SET
	club_id = '10',
	phone = 89776164060,
	email = 'info0@sportland.ru',
	postal_address = 'Odintsovo, blablabla, 000',
	square = 400,
	works_till_time = '22:00:00',
	gym = '1',
	kids_club = '1',
	SPA = '1',
	termo = '1',
	cafeteria = '1',
	pool = '1'
;

INSERT INTO club_profile
SET
	club_id = '3',
	phone = 89776164063,
	email = 'info3@sportland.ru',
	postal_address = 'Moscow, blablabla, 003',
	square = 200,
	gym = '1',
	cafeteria = '1',
	martial_arts = '1'
;

INSERT INTO club_profile
SET
	club_id = '4',
	phone = 89776164064,
	email = 'info4@sportland.ru',
	postal_address = 'Domodedovo, blablabla, 004',
	square = 250,
	gym = '1',
	cafeteria = '1',
	martial_arts = '1',
	kids_club = '1'
;

INSERT INTO club_profile
SET
	club_id = '8',
	phone = 89776164068,
	email = 'info8@sportland.ru',
	postal_address = 'Odintsovo, blablabla, 008',
	square = 200,
	gym = '1',
	cafeteria = '1'
;

-- список возможных должностей
INSERT INTO staff_title (title, priority_level) 
VALUES
('General Director', 'top'),
('Executive Director', 'top'),
('Administrator', 'high'),
('Chief Physician', 'high'),
('Trainer', 'high'),
('Accountant', 'middle'),
('Sales Manager', 'middle'),
('Cook', 'middle'),
('Clerk', 'middle'),
('Cleaning', 'low'),
('Security', 'low')
;

-- перосонал генерирую с помощью http://filldb.info 
INSERT INTO `staff` (`id`, `first_name`, `last_name`, `club_id`, `title_id`) 
VALUES 
	('151', 'Joana', 'Larson', '1', '2'),
	('152', 'Gino', 'Aufderhar', '2', '10'),
	('153', 'Cali', 'Stracke', '3', '8'),
	('154', 'Herman', 'Hudson', '4', '2'),
	('155', 'Brandt', 'Ebert', '5', '6'),
	('156', 'Jerrod', 'Legros', '6', '9'),
	('157', 'Kayley', 'Greenfelder', '7', '6'),
	('158', 'Arnold', 'Terry', '8', '6'),
	('159', 'Denis', 'Corkery', '9', '3'),
	('160', 'Blair', 'Schaden', '10', '8'),
	('161', 'Hester', 'Howe', '9', '11'),
	('162', 'Gia', 'Hackett', '6', '1'),
	('163', 'Charlene', 'Bartell', '8', '4'),
	('164', 'Sandrine', 'Stark', '2', '9'),
	('165', 'Heloise', 'Buckridge', '9', '3'),
	('166', 'Rosa', 'Bahringer', '1', '1'),
	('167', 'Treva', 'Yost', '8', '3'),
	('168', 'Faustino', 'Bogan', '9', '10'),
	('169', 'Yessenia', 'Borer', '9', '1'),
	('170', 'Rhett', 'Quitzon', '6', '9'),
	('171', 'Dina', 'Auer', '7', '1'),
	('172', 'Alison', 'Bechtelar', '5', '2'),
	('173', 'Vivian', 'Maggio', '8', '4'),
	('174', 'Stephany', 'Grimes', '3', '6'),
	('175', 'Sabryna', 'Gusikowski', '7', '4'),
	('176', 'Clair', 'Gutkowski', '4', '9'),
	('177', 'Shannon', 'Morar', '5', '10'),
	('178', 'Murray', 'Howell', '4', '8'),
	('179', 'Clotilde', 'Emmerich', '3', '6'),
	('180', 'Andreanne', 'Emard', '5', '5'),
	('181', 'Kenny', 'Swift', '5', '6'),
	('182', 'Rosanna', 'Deckow', '2', '9'),
	('183', 'Dudley', 'Bernhard', '7', '6'),
	('184', 'Blair', 'Stiedemann', '1', '9'),
	('185', 'Dedric', 'Considine', '5', '5'),
	('186', 'Marisa', 'Deckow', '2', '7'),
	('187', 'Katheryn', 'Lehner', '8', '6'),
	('189', 'Norwood', 'Denesik', '7', '6'),
	('190', 'Zetta', 'Beer', '8', '1'),
	('191', 'Benjamin', 'Hettinger', '5', '5'),
	('193', 'Chance', 'Nicolas', '1', '3'),
	('194', 'Blanca', 'Waelchi', '6', '3'),
	('198', 'Allan', 'Schimmel', '5', '7'),
	('199', 'Marlen', 'Littel', '4', '11'),
	('200', 'Jaida', 'Hauck', '9', '6'),
	('201', 'Kathlyn', 'Mertz', '5', '8'),
	('202', 'Elvera', 'Pfeffer', '7', '10'),
	('203', 'Laila', 'Lesch', '4', '5'),
	('204', 'Leonardo', 'Kling', '2', '1'),
	('205', 'Reta', 'Nader', '3', '2'),
	('206', 'Cristopher', 'Rutherford', '9', '3'),
	('207', 'Camren', 'Koss', '2', '5'),
	('208', 'Maximo', 'Christiansen', '7', '8'),
	('209', 'Melisa', 'Welch', '7', '7'),
	('210', 'Hester', 'Blanda', '8', '8'),
	('211', 'Gilda', 'Emmerich', '7', '10'),
	('212', 'Aiden', 'Hilpert', '6', '8'),
	('213', 'Lowell', 'Huels', '4', '11'),
	('214', 'Ellie', 'Hamill', '4', '1'),
	('215', 'Mellie', 'Schaden', '3', '4'),
	('216', 'Harry', 'Franecki', '7', '1'),
	('217', 'Mossie', 'Senger', '6', '11'),
	('218', 'Courtney', 'Pfannerstill', '1', '10'),
	('219', 'Emiliano', 'Wilkinson', '8', '3'),
	('220', 'Ayla', 'Stanton', '1', '4'),
	('221', 'Donato', 'Hettinger', '8', '7'),
	('222', 'David', 'Jacobs', '5', '7'),
	('223', 'Sonny', 'Boehm', '8', '11'),
	('224', 'Bobby', 'Thiel', '1', '3'),
	('225', 'Anastacio', 'Eichmann', '4', '5'),
	('227', 'Tania', 'Wunsch', '1', '1'),
	('228', 'Anita', 'Jacobs', '4', '9'),
	('230', 'Delaney', 'Nienow', '1', '8'),
	('231', 'Abigale', 'Zemlak', '2', '4'),
	('232', 'Lucio', 'Corwin', '7', '1'),
	('233', 'Camron', 'Dickens', '1', '1'),
	('234', 'Shemar', 'Ledner', '9', '8'),
	('235', 'Mariela', 'Wilkinson', '3', '1'),
	('236', 'Trevor', 'Yundt', '6', '7'),
	('237', 'Gideon', 'McDermott', '9', '8'),
	('238', 'Giovanni', 'Mraz', '3', '7'),
	('239', 'Kobe', 'Luettgen', '2', '8'),
	('240', 'Jovani', 'Boyer', '3', '6'),
	('241', 'Tiara', 'Luettgen', '9', '5'),
	('242', 'Woodrow', 'Crona', '9', '5'),
	('243', 'Cecilia', 'Rau', '7', '1'),
	('244', 'Dominic', 'Mitchell', '7', '7'),
	('246', 'Reese', 'Powlowski', '8', '10'),
	('247', 'Margot', 'Fisher', '5', '10'),
	('248', 'Assunta', 'Kautzer', '7', '3'),
	('249', 'Orland', 'Schulist', '7', '7'),
	('250', 'Weldon', 'Bosco', '5', '9'),
	('252', 'Kathryne', 'Hammes', '6', '2'),
	('253', 'Bernita', 'Grant', '3', '8'),
	('254', 'Randi', 'Carroll', '8', '10'),
	('255', 'Braden', 'Crist', '9', '2'),
	('256', 'Bette', 'Metz', '8', '6'),
	('257', 'Tyrell', 'Bogan', '4', '3'),
	('258', 'Laisha', 'Ullrich', '4', '10'),
	('260', 'Mya', 'Konopelski', '3', '11'),
	('261', 'Evalyn', 'Howell', '7', '4'),
	('262', 'Grace', 'Nitzsche', '1', '7'),
	('263', 'Allen', 'Hodkiewicz', '2', '11'),
	('264', 'Jaime', 'Fisher', '3', '2'),
	('266', 'Ida', 'Hermann', '8', '9'),
	('267', 'Domenico', 'Smith', '9', '5'),
	('268', 'Trevor', 'Durgan', '1', '8'),
	('269', 'Teresa', 'Konopelski', '3', '2'),
	('270', 'Pete', 'Mueller', '8', '8'),
	('272', 'Vesta', 'Wilderman', '2', '7'),
	('273', 'Reanna', 'Zulauf', '9', '4'),
	('274', 'Wilhelm', 'Brekke', '8', '5'),
	('275', 'Orville', 'Ullrich', '9', '11'),
	('280', 'Gisselle', 'Labadie', '5', '4'),
	('281', 'Brent', 'Kling', '6', '7'),
	('282', 'Delia', 'Weber', '5', '3'),
	('283', 'Brody', 'Nitzsche', '5', '10'),
	('284', 'Twila', 'Barrows', '9', '6'),
	('285', 'Buster', 'Maggio', '7', '8'),
	('286', 'Bianka', 'Waters', '6', '2'),
	('287', 'Emil', 'Rogahn', '6', '9'),
	('288', 'Eloisa', 'Carter', '3', '2'),
	('290', 'Izabella', 'Gaylord', '9', '1'),
	('291', 'Clemens', 'O\'Connell', '5', '8'),
	('292', 'Annabel', 'Beier', '6', '4'),
	('293', 'Dario', 'Hahn', '2', '7'),
	('295', 'Gordon', 'Maggio', '4', '9'),
	('297', 'Webster', 'Schaden', '4', '9'),
	('298', 'Norwood', 'Dare', '1', '4'),
	('299', 'Amber', 'Leffler', '2', '11');



-- профайлы перосонала генерирую с помощью http://filldb.info
INSERT INTO `staff_profile` (`staff_id`, `birthday`, `gender`, `phone`, `speciality`, `hire_date`, `leaving_date`, `created_at`, `updated_at`) 
VALUES
	('151', '1989-07-28', 'm', '716', 'et', '1998-01-29', '1974-05-15', '2015-04-16 02:35:00', '2018-10-10 18:33:54'),
	('152', '1993-11-13', 'm', '377235', 'iure', '2019-09-26', '2001-05-25', '2013-02-05 15:51:24', '2005-03-14 06:02:26'),
	('153', '1982-02-19', 'm', '8399100161', 'non', '1980-06-20', '1986-09-05', '2001-04-25 13:51:12', '2006-12-27 23:11:38'),
	('154', '1979-01-13', 'm', '594678', 'vero', '2012-04-15', '1974-04-11', '2003-04-13 11:08:18', '1986-03-30 04:39:17'),
	('155', '2020-03-09', 'm', '0', 'dolorem', '2003-05-11', '1977-08-09', '1971-12-16 21:59:12', '1978-07-23 11:00:28'),
	('156', '1983-11-17', 'm', '462', 'et', '1988-12-24', '2018-08-06', '2015-09-28 02:59:29', '2016-05-20 04:18:50'),
	('157', '1997-01-12', 'm', '122', 'sapiente', '2006-11-21', '2013-06-01', '1987-11-19 06:59:37', '1972-12-19 19:35:11'),
	('158', '2002-01-06', 'm', '156', 'sequi', '2017-05-15', '2016-03-23', '1983-09-07 16:42:46', '1973-07-18 03:14:13'),
	('159', '1989-01-20', 'f', '250971', 'vel', '1971-12-21', '1991-08-31', '2010-05-29 23:33:49', '1997-05-30 09:10:35'),
	('160', '1988-10-23', 'm', '592870', 'et', '2017-08-17', '2019-04-24', '1983-04-24 16:55:16', '2000-07-17 01:30:08'),
	('161', '2002-01-27', 'f', '518', 'nam', '1987-01-05', '1970-05-24', '2018-04-10 22:37:58', '2000-03-04 09:47:02'),
	('162', '1998-08-05', 'm', '1', 'dolor', '1997-10-05', '1982-03-30', '2006-03-12 08:01:10', '2015-05-03 12:03:33'),
	('164', '1995-03-10', 'm', '99', 'id', '2016-12-13', '2012-02-23', '2016-03-13 03:11:43', '1982-11-29 02:11:08'),
	('165', '2011-06-27', 'f', '562583', 'molestias', '2000-07-01', '1985-07-31', '2004-09-21 16:54:31', '2007-07-20 08:24:24'),
	('167', '2020-05-26', 'm', '6099713029', 'architecto', '1993-11-07', '1974-04-10', '1980-03-05 23:57:54', '1988-04-16 21:08:09'),
	('168', '1972-03-01', 'm', '89808', 'ratione', '2016-01-31', '2014-04-17', '2009-01-27 14:05:35', '1984-05-16 06:38:36'),
	('169', '1982-04-09', 'm', '23', 'molestias', '2019-11-02', '2009-11-27', '1976-07-28 14:44:11', '2001-04-01 10:33:33'),
	('171', '1977-12-26', 'f', '656', 'molestiae', '2001-05-13', '1981-01-09', '2019-09-04 14:00:46', '1972-05-13 06:34:32'),
	('172', '1992-03-14', 'f', '6547118001', 'soluta', '2008-02-02', '2002-12-19', '2015-01-28 15:01:29', '2019-03-19 07:29:04'),
	('174', '1998-02-05', 'm', '95', 'et', '2009-04-21', '1995-11-20', '1988-08-26 21:08:56', '2006-11-10 08:23:04'),
	('175', '1974-11-07', 'f', '50968', 'consequuntur', '1986-05-31', '2007-12-07', '2002-05-24 11:01:33', '1994-12-15 05:51:42'),
	('176', '1974-04-12', 'f', '805', 'velit', '1983-06-21', '1986-06-19', '1974-03-17 03:44:02', '2001-10-30 20:05:53'),
	('185', '2009-04-05', 'm', '72', 'minus', '2010-10-20', '2016-08-07', '2000-04-10 15:15:24', '1991-11-07 01:15:06'),
	('186', '2017-02-13', 'm', '578', 'perspiciatis', '1995-01-01', '1991-05-09', '1978-08-23 05:13:58', '1993-10-27 06:30:51'),
	('190', '2009-05-20', 'm', '524338', 'optio', '1979-08-17', '2019-03-06', '1973-05-15 03:37:06', '1999-05-09 12:38:39'),
	('193', '1973-12-31', 'f', '42', 'doloribus', '1976-08-21', '1995-04-03', '2001-07-12 09:05:37', '2018-06-28 08:05:04'),
	('198', '2009-04-30', 'm', '1259697960', 'ut', '1984-04-28', '1996-11-06', '1972-10-19 10:38:22', '2017-07-13 05:58:36'),
	('199', '2012-12-20', 'm', '20', 'facilis', '2005-03-14', '2003-02-12', '1984-07-02 17:41:22', '1982-08-21 07:12:19'),
	('202', '2009-04-05', 'm', '778562', 'animi', '2018-07-17', '2013-02-25', '1989-02-18 07:31:50', '1976-11-26 15:01:54'),
	('204', '1976-07-13', 'f', '25527', 'soluta', '2011-03-03', '1986-02-24', '1994-09-10 22:42:59', '2009-09-08 18:04:39'),
	('205', '1997-08-16', 'f', '261313', 'voluptates', '2002-06-16', '1976-09-13', '1985-04-21 00:23:59', '2010-09-02 22:24:40'),
	('206', '1985-05-06', 'f', '570642390', 'repudiandae', '2018-05-08', '1981-03-13', '1970-11-09 03:13:15', '2015-09-05 03:04:23'),
	('209', '2012-08-28', 'm', '345611', 'sed', '2016-09-11', '1977-05-06', '1982-12-20 20:24:02', '1987-06-17 13:29:27'),
	('211', '1987-07-18', 'm', '81', 'natus', '2019-09-24', '1977-08-12', '2010-03-19 03:19:53', '1986-08-18 17:50:13'),
	('212', '1985-06-22', 'f', '498', 'quo', '2001-07-06', '2006-06-25', '1998-07-20 06:42:46', '1983-07-08 02:35:40'),
	('214', '1970-08-01', 'm', '77', 'et', '1997-04-01', '2016-12-01', '1985-05-20 15:08:12', '1972-09-02 07:20:09'),
	('215', '1990-06-28', 'm', '58', 'est', '2007-09-29', '1975-10-09', '2010-07-02 19:51:06', '2011-04-06 09:22:41'),
	('220', '1986-03-14', 'm', '632851', 'vitae', '2006-11-14', '1981-11-29', '1989-03-31 23:42:34', '1996-06-17 20:19:09'),
	('221', '1994-11-19', 'f', '130731', 'quas', '2018-11-23', '2009-03-17', '1991-09-05 19:50:11', '2019-05-13 03:40:33'),
	('222', '2003-02-15', 'f', '140', 'nostrum', '1982-09-10', '1996-06-28', '2010-07-22 00:39:26', '1970-06-11 12:39:27'),
	('223', '1990-11-02', 'm', '305436', 'cupiditate', '1971-08-28', '1974-08-05', '1996-09-20 18:03:53', '2020-07-12 08:49:25'),
	('228', '1996-02-14', 'f', '746607', 'ipsam', '1977-11-19', '2015-10-04', '2001-12-23 03:23:17', '1991-02-14 19:08:43'),
	('236', '1994-12-12', 'm', '43355', 'officiis', '1982-02-12', '1988-02-25', '1988-12-07 21:07:46', '1977-01-30 20:36:19'),
	('237', '2017-01-01', 'f', '439', 'adipisci', '2008-09-21', '1976-03-29', '2014-05-08 07:20:34', '1981-02-03 20:13:23'),
	('238', '1971-09-19', 'f', '136', 'consectetur', '1989-11-16', '1987-03-23', '2001-09-13 23:20:26', '1973-09-16 04:40:35'),
	('239', '1978-11-21', 'm', '343379', 'exercitationem', '2019-10-08', '2001-01-15', '1994-02-28 03:26:55', '2001-01-20 07:48:11'),
	('241', '1981-07-29', 'f', '3807830507', 'non', '2007-09-10', '1998-12-02', '2013-10-05 03:43:26', '2002-07-18 23:21:27'),
	('242', '2005-11-26', 'f', '626701', 'inventore', '1976-09-11', '1970-04-08', '1994-01-14 10:37:29', '2015-04-22 08:47:18'),
	('243', '1976-06-05', 'f', '162', 'pariatur', '1982-08-01', '1971-02-18', '1973-01-02 06:29:46', '1995-06-17 16:10:27'),
	('247', '2006-08-14', 'f', '562', 'consequatur', '1982-05-13', '2004-04-18', '2009-04-19 20:55:21', '2012-03-25 23:17:26'),
	('249', '1988-12-15', 'm', '518199', 'ullam', '1971-07-10', '1985-05-27', '2014-12-22 09:26:43', '2004-07-29 08:33:10'),
	('250', '1994-02-23', 'f', '14', 'maiores', '2013-12-11', '1997-04-01', '1996-12-13 04:10:00', '2010-01-17 11:40:08'),
	('254', '2003-03-18', 'm', '221416', 'sunt', '1970-04-14', '2020-05-20', '2010-02-15 15:57:12', '2013-04-18 07:45:55'),
	('255', '1995-04-21', 'm', '236', 'doloribus', '2001-10-08', '1991-09-05', '1976-12-30 18:01:01', '1987-06-23 14:17:33'),
	('256', '2017-10-21', 'f', '903', 'eum', '2012-12-06', '1985-08-15', '1971-01-14 06:41:26', '1987-01-25 07:57:50'),
	('257', '1988-05-31', 'm', '113', 'nulla', '1979-08-24', '1982-08-01', '1985-03-21 11:08:42', '1973-07-18 13:04:09'),
	('262', '1992-11-12', 'm', '379254', 'aspernatur', '2017-06-21', '1986-11-06', '1976-05-31 03:07:17', '1981-03-18 15:28:24'),
	('264', '1977-08-03', 'm', '316079', 'fugit', '2014-01-21', '2011-11-18', '1991-09-20 13:00:17', '2018-03-02 19:06:26'),
	('266', '1999-05-06', 'm', '962265', 'aspernatur', '1996-11-27', '1994-10-14', '1971-05-08 21:23:32', '1986-02-23 03:26:12'),
	('268', '2011-04-06', 'm', '21711', 'dolor', '1996-12-01', '2011-12-31', '2008-08-20 04:18:39', '1984-06-22 21:45:59'),
	('269', '1979-08-19', 'f', '5206904885', 'alias', '2013-05-28', '2020-05-27', '1987-12-06 06:39:35', '2004-09-28 13:25:37'),
	('272', '2016-03-17', 'm', '777', 'occaecati', '1981-06-26', '1975-10-06', '2014-01-11 22:04:02', '2015-07-19 02:30:45'),
	('275', '1973-01-04', 'm', '848', 'minus', '1979-02-09', '1985-09-09', '1984-09-06 11:01:04', '1993-12-29 11:24:08'),
	('282', '2019-02-15', 'm', '557370', 'et', '2001-10-15', '2010-10-31', '2007-06-10 08:20:33', '2000-10-23 06:07:05'),
	('284', '1992-10-21', 'm', '70', 'rerum', '2017-03-16', '2015-05-10', '1999-09-11 14:42:47', '2017-07-02 21:32:11'),
	('286', '2006-09-14', 'f', '442876', 'ipsa', '2017-01-09', '2002-06-26', '1991-09-19 07:08:42', '2013-09-06 10:47:17'),
	('287', '1987-08-14', 'f', '995891', 'delectus', '2014-09-19', '1998-03-27', '1983-03-13 20:16:01', '2019-10-20 00:12:42'),
	('288', '1976-03-08', 'f', '306', 'dolor', '1981-03-04', '2019-06-21', '2018-03-11 08:38:04', '2017-12-09 13:02:45'),
	('292', '2011-01-12', 'm', '222095', 'consequatur', '2006-02-16', '2015-03-16', '1989-12-07 21:11:35', '2010-08-26 06:49:42'),
	('293', '1988-03-29', 'f', '765490', 'qui', '1980-04-03', '1971-04-28', '1980-06-23 07:05:13', '1995-06-04 00:06:41'),
	('297', '1970-12-20', 'f', '671', 'at', '2012-06-18', '1985-12-12', '1992-07-27 19:04:02', '1991-04-14 17:13:52'),
	('298', '1977-06-25', 'f', '22664', 'sit', '1975-02-21', '2018-11-16', '2004-01-09 20:14:20', '2011-01-09 23:40:27'),
	('299', '1987-12-29', 'm', '723', 'impedit', '1988-02-08', '1983-02-26', '1987-10-04 04:23:51', '1990-02-06 04:03:17');

-- клиенты с помощью filldb.info
INSERT INTO `client` VALUES 
	('1','Isabell','Schaden'),
	('2','Carissa','Bradtke'),
	('3','Jovany','Howell'),
	('4','Rogers','Howe'),
	('5','Harmony','Hilpert'),
	('6','Vernice','Waelchi'),
	('7','Macy','Altenwerth'),
	('8','Krystel','Bahringer'),
	('9','Mina','Toy'),
	('10','Shad','Skiles'),
	('11','Ashly','Jones'),
	('12','Lindsay','Sauer'),
	('13','Cierra','Schamberger'),
	('14','Alisha','Waters'),
	('15','Elnora','Tremblay'),
	('16','Elinore','Hand'),
	('17','Tiara','Boyer'),
	('18','Zora','Thompson'),
	('19','Gail','Torp'),
	('20','Darius','Nicolas'),
	('21','Foster','Jacobson'),
	('22','Jo','Carter'),
	('23','Simone','Nitzsche'),
	('24','Aurelio','Lemke'),
	('25','Jailyn','Bartoletti'),
	('26','Eloy','Schmitt'),
	('27','Liliana','Windler'),
	('28','Marie','Beier'),
	('29','Kristian','Luettgen'),
	('30','Kattie','Mills'),
	('31','Vernice','Waelchi'),
	('32','Sharon','Ruecker'),
	('33','Dario','Abernathy'),
	('34','Summer','Kohler'),
	('35','Roberto','Kreiger'),
	('36','Luna','Anderson'),
	('37','Arden','Harber'),
	('38','Stephan','Murphy'),
	('39','Toby','Hirthe'),
	('40','Lyla','Lubowitz'),
	('41','Phoebe','Towne'),
	('42','Nella','Lubowitz'),
	('43','Estevan','Harber'),
	('44','Bulah','Jerde'),
	('45','Kayla','Herzog'),
	('46','Jaime','Lehner'),
	('47','Gwendolyn','Heathcote'),
	('48','Carole','Metz'),
	('49','Samantha','Funk'),
	('50','Joanne','Keebler'),
	('51','Armando','Hintz'),
	('52','Vincent','Stokes'),
	('53','Susan','Schuster'),
	('54','Ross','Kuhic'),
	('55','Angus','Hayes'),
	('56','Magdalen','Hammes'),
	('57','Kaitlyn','Hauck'),
	('58','Holden','Wiza'),
	('59','Casper','Rice'),
	('60','Giuseppe','Pollich'),
	('61','Jayson','Legros'),
	('62','Eve','Schmeler'),
	('63','Opal','Block'),
	('64','Katrine','Leannon'),
	('65','Kaycee','Borer'),
	('66','Chaim','Abshire'),
	('67','Litzy','Rippin'),
	('68','Maybell','Roberts'),
	('69','Aryanna','Hagenes'),
	('70','Larry','Thiel'),
	('71','Vallie','Reinger'),
	('72','Eddie','Daugherty'),
	('73','Cordelia','D\'Amore'),
	('74','Elsa','Stark'),
	('75','Kelvin','Kohler'),
	('76','Santino','West'),
	('77','Micheal','Lebsack'),
	('78','Harrison','Koss'),
	('79','Chad','Kozey'),
	('80','Lavina','Sauer'),
	('81','Ashleigh','Homenick'),
	('82','Reinhold','Predovic'),
	('83','Reba','Leannon'),
	('84','Twila','Jerde'),
	('85','Camila','Adams'),
	('86','Megane','Shields'),
	('87','Brock','Brakus'),
	('88','Tyler','Dickens'),
	('89','Corrine','Wintheiser'),
	('90','Adaline','Hettinger'),
	('91','Celine','Jaskolski'),
	('92','Marilie','Bogisich'),
	('93','Antonetta','Haley'),
	('94','Dameon','Hilll'),
	('95','Clementine','Smitham'),
	('96','Larue','Fay'),
	('97','Matt','Collier'),
	('98','Rylan','Rath'),
	('99','Jarrett','Wilkinson'),
	('100','Kitty','Beahan'); 


-- профайлы клиентов filldb.info
INSERT INTO `clients_profile` VALUES 
('16','1979-05-07','m','Masonfort','0','destin01@example.org','Odit est minus voluptate dolore qui occaecati saepe. Impedit ullam doloribus similique inventore voluptatem impedit. Qui architecto est voluptas vel. Vitae ipsa qui et quaerat.','1982-07-03 13:01:13','1972-09-06 21:23:32'),
('84','1995-11-14','m','West Kenyattafort','1','zelma.bernier@exampl','Qui deleniti qui et corrupti maiores dolore quia. Et dolores sapiente sed. Dicta earum et sed vel laudantium.','1997-10-22 13:42:23','1976-09-06 06:04:27'),
('33','2010-10-05','m','South Eli','32','brendon.ruecker@exam','Sint nulla ducimus nisi earum. Consectetur ut at animi nemo nostrum dolore. Necessitatibus asperiores asperiores voluptates corrupti reprehenderit rerum laudantium.','1985-12-03 11:22:09','1971-06-04 14:34:17'),
('77','1974-03-27','f','South Ismael','41','sschoen@example.org','Culpa dolore dolor repudiandae et et sed doloremque voluptas. Maiores explicabo quia sint repudiandae. Magni voluptatem dolor magnam.','1978-06-17 19:06:31','2004-04-05 04:03:14'),
('11','1987-10-23','f','Mitchelview','60','sstark@example.net','Vel quisquam ut facere quaerat at. Iste vitae est iste enim esse. Harum suscipit excepturi aut. Labore est ut omnis quisquam quia sint.','1986-09-09 06:44:53','1986-08-22 07:46:35'),
('31','1972-05-10','f','South Blaise','61','ayla.treutel@example','Voluptatem voluptatibus debitis qui aut aut voluptates dolore. Commodi cupiditate exercitationem autem eos. Ut voluptatibus veniam corporis ducimus nam aliquid. Nam at pariatur quisquam sint quod maiores voluptatem non.','1976-10-16 17:24:27','1989-07-03 14:36:32'),
('52','1999-11-16','f','Durganborough','67','stracke.katrine@exam','Velit excepturi nemo consequuntur omnis id nostrum in. Sint accusamus officiis asperiores et expedita soluta doloribus. Et cumque sed alias ea temporibus. Assumenda voluptas rerum reiciendis recusandae.','1975-03-31 02:34:46','2003-09-19 15:27:19'),
('7','1994-10-10','m','Pfannerstillfort','70','gkoepp@example.net','Dolorem possimus est itaque et aperiam ipsum quaerat unde. Cum ea doloremque voluptas quis iure veritatis qui. Harum distinctio asperiores dolore ea a incidunt labore rerum. Vitae cum vel odit.','1974-05-15 15:30:35','1970-08-10 01:56:15'),
('63','2016-08-11','m','Donnellyshire','73','hettinger.alysha@exa','Incidunt voluptatem similique eveniet officiis eveniet numquam aspernatur. Ea vitae sit reprehenderit sint sunt. Laboriosam magnam culpa deserunt quo. Quos nostrum maxime sint nihil.','1988-05-25 23:02:50','1971-01-05 11:09:30'),
('89','1992-09-27','m','West Oceane','84','jordane30@example.ne','Quidem et autem non. Beatae reiciendis autem laborum. Temporibus consectetur nihil aperiam sint non aut. Sint quae natus eaque aut sint temporibus officia.','1992-04-14 18:09:36','1991-12-27 02:02:29'),
('99','2005-02-17','m','East Samson','115','kira.anderson@exampl','Voluptate officiis voluptate praesentium voluptatem quas. Corrupti vero nihil eos accusamus recusandae. Adipisci nisi eaque vel minima est.','2015-11-10 23:24:31','1994-01-29 10:59:56'),
('81','1979-11-21','m','Heavenchester','128','feest.demarco@exampl','Quia ullam et vero sint fugiat aut. Hic rerum quisquam praesentium quia rerum recusandae. Est consectetur sunt repudiandae odio quidem iusto.','2014-04-18 12:35:26','1983-12-12 19:41:18'),
('56','1984-05-18','f','Hermannside','152','mara69@example.com','Soluta qui commodi ut vel recusandae architecto explicabo. Consectetur a rerum beatae. Minima harum tempore voluptatem voluptates est iusto quisquam.','2013-04-29 14:36:39','2001-12-27 07:22:55'),
('19','1985-06-03','m','North Durwardmouth','154','bmuller@example.com','Consequatur esse suscipit tempore aliquid consequuntur sapiente quidem. Est officia aut eligendi est est voluptatem repellendus. Et et quia perferendis nisi iste molestiae illum.','1973-08-12 06:08:47','1992-12-21 07:21:32'),
('80','2005-11-21','f','Zboncakstad','196','luigi31@example.com','Et vel nihil ut eligendi explicabo. Voluptatem iusto quas vero nulla incidunt autem. Perferendis nesciunt eaque quibusdam dolores illum et et.','2011-02-15 21:30:27','1971-07-02 03:58:38'),
('86','2010-11-30','f','Maryjanehaven','200','armani40@example.com','Ullam officia eum iure saepe eligendi. Libero ipsa quo voluptatem labore. Recusandae ut aliquid consequuntur itaque distinctio.','1993-04-26 19:28:27','2007-07-26 13:27:31'),
('30','2006-11-04','m','Hesselshire','226','klarson@example.org','Quasi est et quia dolore ea. Voluptas nesciunt ipsam natus quisquam. Quo quam veritatis commodi debitis ut amet ut.','1975-09-14 15:39:49','2001-05-19 16:55:36'),
('44','1985-12-13','f','Port Erickbury','360','selina.marquardt@exa','Animi magnam quo veritatis consequatur ipsum. Deleniti molestiae nihil ut quis. Iste dolores quibusdam est.','1991-04-27 14:44:23','1989-04-26 00:46:17'),
('57','2004-02-28','f','New Alexieton','407','jskiles@example.com','Non eum ut ex sit. Dolorem similique at praesentium asperiores voluptatem ipsum suscipit soluta. Nulla ad tenetur et nam.','2006-10-07 20:00:13','2010-05-07 07:18:10'),
('4','1993-05-27','m','West Antwonfurt','423','xkoelpin@example.net','Culpa culpa fugiat aut delectus fugiat voluptatem qui nisi. In ullam ipsam voluptas voluptatum minima molestias inventore quos. Eos voluptates autem odio inventore.','2007-12-06 03:38:12','1977-09-13 18:14:05'),
('66','2001-06-13','m','West Jonatanborough','452','reynolds.rosemarie@e','Dolorem veritatis autem enim ipsum commodi sed aut. Hic temporibus quia quibusdam et. A et repellendus consequatur alias sed ut sed perspiciatis.','1970-02-21 06:58:56','1971-12-04 16:25:22'),
('83','1977-03-16','m','Moenchester','513','dustin.tromp@example','Ex est quasi dolorem fugit. Illo hic qui perspiciatis voluptatem fugit veniam omnis. Alias voluptatem dolorem cum quibusdam ratione consequuntur quam suscipit. Sint modi dolores inventore.','2008-09-05 11:33:05','1970-10-16 02:51:15'),
('26','1980-02-16','m','New Hazle','629','xjacobs@example.com','Dolorem dolor in fuga perspiciatis dicta repudiandae et. Eum fuga molestiae quo nihil accusantium. Magni veniam aut incidunt.','1991-05-27 15:46:07','2020-05-30 07:34:19'),
('42','2011-08-10','f','New Elvafurt','638','deonte40@example.org','Tempora et expedita et cum quos. Labore est iste eaque sed adipisci doloribus est vel. Odio quidem nostrum minima autem ad.','1994-08-04 19:49:00','2014-08-17 06:20:30'),
('43','1972-12-21','f','Cristberg','674','nettie64@example.net','Ea est hic doloremque soluta aut nobis sunt. Nemo et distinctio accusantium labore consequatur fugit qui. Consequatur quisquam corrupti quis architecto occaecati quae adipisci. Fuga qui unde harum eligendi. Eveniet veritatis dolor aut eligendi amet minus ','1986-07-19 10:11:57','1972-11-07 00:02:25'),
('70','1979-09-30','f','Jonesport','682','hiram93@example.org','Minus alias aut consequuntur doloremque quidem unde. Sit quaerat modi sed sint enim ut. Sunt recusandae facilis ex incidunt et molestias.','1987-04-24 20:13:22','1996-12-22 20:02:01'),
('12','1991-02-17','f','Satterfieldmouth','819','cbalistreri@example.','Quas consequatur nostrum fuga reprehenderit tenetur quam. Expedita rerum et pariatur. Et aperiam delectus ut aut aspernatur.','1984-06-01 16:54:28','2008-08-06 07:10:06'),
('34','2004-04-18','m','Cruickshankchester','857','jessika31@example.or','Blanditiis error et autem suscipit. Dolorem aut numquam qui sed dolorem ut eum debitis. Fugiat aut recusandae doloribus rerum est. Dolores delectus quasi ea consequatur occaecati quam. Ut sint dolores voluptatibus at.','2001-11-17 01:07:04','2011-11-14 08:00:43'),
('60','2004-11-12','m','Jacintoland','986','graham.jess@example.','Quos maxime qui ut corporis beatae odio et. Sapiente qui impedit dolorem. Ipsum et sed facere iure ratione assumenda. Voluptates modi rerum nihil dignissimos eos dignissimos esse.','1986-03-24 06:51:33','2018-10-05 15:13:25'),
('5','1977-11-25','m','Lake Emilio','990','blanda.barry@example','Rem ea cupiditate ea molestiae et ut nihil. Magnam officiis occaecati sint cumque necessitatibus optio quod.','1972-03-15 04:07:08','2003-05-15 17:31:19'),
('62','1997-06-27','m','Koelpinstad','64581','vwest@example.net','Illum et doloremque molestiae quia repudiandae. Impedit itaque aspernatur aut est nihil quia. Pariatur adipisci asperiores voluptas. Illum ut et tenetur vitae consequatur.','2010-11-02 15:35:08','2010-12-11 05:26:39'),
('1','2000-02-25','m','North Richie','85787','sgutmann@example.com','Incidunt id est ea modi. Ex accusamus molestiae repellendus aperiam nihil quod aut. Debitis cum ea exercitationem excepturi temporibus dicta ad.','2012-04-01 08:14:03','1988-12-29 04:59:24'),
('35','2012-03-04','m','West Freeda','221840','gabe.rutherford@exam','Cumque fuga possimus nemo molestias qui impedit eaque unde. Velit doloribus et vel laborum enim et et. Dolorum quia distinctio ut perferendis consequatur aut.','2012-11-29 22:42:52','1997-06-15 16:50:55'),
('90','1973-03-25','m','Manuelmouth','316823','hsimonis@example.net','Beatae autem sequi recusandae dignissimos. Quos id qui dolorum facere ratione illo inventore. Ipsa ipsum ducimus consequatur sit sit repellat fugiat.','2006-10-28 00:40:34','1977-05-29 15:02:12'),
('51','2002-12-19','f','Robelfort','333051','bud07@example.com','Libero maiores inventore quis tempore repellendus sunt eaque ea. Suscipit accusantium rerum quis nam qui voluptates sed. Aliquid est nemo deleniti temporibus voluptatem debitis. Atque numquam nostrum maxime quisquam dolores. Rem ea magni sequi.','2009-03-03 04:53:56','1970-08-13 08:10:25'),
('92','2015-02-19','f','Lake Ervin','388590','brekke.donny@example','Possimus minima accusantium earum non saepe maiores vero qui. Atque dolor saepe exercitationem voluptates laudantium sunt perspiciatis sit. Optio sit incidunt molestiae ut error facilis.','2010-01-05 21:52:50','2001-03-20 09:10:26'),
('38','1981-09-03','m','Sethchester','404879','jquigley@example.org','Sit perspiciatis dolores fugit rerum qui. Ad ut reprehenderit atque praesentium ullam. Sit itaque quo quasi sed nam et quae.','1994-06-07 05:20:08','2008-10-07 11:04:03'),
('27','1977-11-28','f','South Marianefurt','570552','irwin.littel@example','Qui sunt in voluptatem qui eos voluptates. Dignissimos vero accusamus molestiae fuga voluptas est consequuntur asperiores. Debitis quae voluptatem nisi nihil. Impedit molestias ipsum itaque voluptatum dignissimos consequuntur sit.','2015-04-05 10:02:06','2010-08-28 12:07:27'),
('74','2018-12-05','f','Destinimouth','573153','cortney81@example.co','Occaecati consequatur quis et voluptates. Accusamus aut ipsum qui pariatur.','1975-08-31 21:02:05','2011-07-04 10:08:40'),
('53','1972-02-13','m','South Brycenport','575094','samanta06@example.or','Inventore cupiditate dolorem consequuntur quo natus iure. Expedita totam et voluptates veritatis cupiditate. Error necessitatibus ut dolore officia debitis ullam voluptas. Sed et ut error facilis quo. Velit error vel aspernatur aut aliquid.','1970-02-21 00:26:34','1988-10-14 19:01:12'),
('40','2017-07-21','f','Libbieland','710393','lilla.schoen@example','Iste aperiam sed dicta vel illo voluptatibus. Alias et qui dignissimos dolor eos aliquid. Architecto officiis sapiente magni odit aliquid totam aut. Repellendus cupiditate non modi et omnis.','2007-01-29 11:48:39','1974-04-26 18:47:57'),
('45','2013-01-19','f','West Antoniahaven','726390','xcarter@example.com','Ducimus beatae vel illum ut. Corporis eius tenetur dolor sunt saepe. Illo pariatur alias dolor labore iure pariatur sit. Commodi molestias dolorum eligendi natus aliquam natus.','1989-06-08 08:24:19','2008-06-27 06:43:16'),
('69','1973-08-03','f','Shieldsville','809056','vwaters@example.com','Sequi et qui architecto ut ab quam facilis. Vel doloribus aut enim sed ut molestiae.','2019-01-08 10:17:59','1977-05-27 08:55:43'),
('91','1976-05-01','m','Deborahfort','924911','nkiehn@example.org','Omnis ut autem dolorem perspiciatis totam totam. Eligendi delectus laudantium necessitatibus quod. Assumenda minima est quos ut a non mollitia.','1979-05-15 06:41:09','2014-12-02 18:11:58'),
('21','1988-05-18','m','West Pink','944912','lweissnat@example.ne','Odio ut dolorem voluptatum assumenda sint accusantium ratione id. Cum sit enim dolores. Dolorem voluptas dolorem quisquam est consequuntur. Aliquid velit dolor quia voluptatem rerum neque.','1986-01-04 11:00:36','2008-05-14 22:53:14'),
('87','1970-08-22','m','Ryanside','976620','jaskolski.tyshawn@ex','Ipsam voluptate et quae commodi. Ut doloribus quis debitis ut quae eligendi temporibus. Nam consequatur beatae amet quo eos.','1993-12-02 20:57:07','2006-05-02 22:16:09'),
('59','1986-04-02','m','New Yazminview','979762','gislason.elaina@exam','Corrupti rerum quia nobis quidem architecto. Nostrum assumenda aliquam eos sint voluptatem. Quam assumenda laborum ducimus laboriosam atque ab mollitia. Et est qui sunt blanditiis ullam enim.','2020-06-27 06:21:36','1986-07-10 08:38:15'),
('24','1984-01-17','m','New Rebekah','983020','moen.wilhelm@example','Sunt sunt voluptas dolor reiciendis et. Fuga culpa laboriosam et sed earum. Nulla ipsa ut et aut adipisci id.','2006-08-25 23:27:09','2012-04-05 17:39:07'),
('78','2009-04-16','m','Goodwinmouth','84198414','kian.johns@example.c','Perspiciatis dolorem fuga nesciunt. Modi corrupti possimus accusamus aliquid. Voluptas minima ut dolorem.','1986-05-26 16:37:07','2004-10-29 19:11:01'),
('3','1977-11-19','m','Port Shawnmouth','359058329','cicero48@example.org','Quos laboriosam enim ut vero dolorum eos. Enim perspiciatis similique quibusdam qui quaerat. Maxime non dolorem soluta velit cum.','1984-01-20 00:02:15','2002-04-25 19:04:43'),
('96','2016-10-22','f','North Karleyberg','1146999775','cruz62@example.com','Dolorem nisi non non nihil dicta eveniet. Sunt laboriosam qui dignissimos aut aliquid vel numquam libero. Modi sed maxime facere ut rem harum omnis suscipit.','1984-11-15 22:32:10','1989-09-24 08:06:09'),
('2','2013-08-26','m','New Daren','2636682174','gaston42@example.org','Veniam autem est commodi vitae sed dolorem distinctio dolor. Eligendi dolor ullam autem. Aliquid a quibusdam voluptas corrupti. Aut vero libero unde.','2009-04-03 23:39:11','1994-11-07 14:55:05'),
('93','1979-11-26','m','Roweton','4418953827','hintz.mohammad@examp','Sapiente laborum inventore eligendi. Optio aliquid doloremque officiis corporis ad quibusdam animi laborum. Sit saepe explicabo assumenda eligendi in placeat. Voluptatem soluta et harum exercitationem doloribus magnam.','1998-11-23 19:35:49','2014-06-22 16:05:11'),
('47','1983-08-30','f','Lake Brendon','5194079287','marcus.wuckert@examp','Omnis atque quia dolorem ab. Et tempore enim exercitationem modi. Voluptates atque omnis sequi a magni.','1991-06-06 21:08:03','2009-09-19 23:47:37'),
('28','1977-08-08','f','Yundtshire','6649635272','laila07@example.net','Quas officiis qui temporibus et. Facilis assumenda enim consequatur enim eius ut temporibus. Sit quia ipsam dolores harum dolor ducimus.','2001-01-08 23:34:35','1979-10-10 21:30:09'),
('73','1974-08-24','m','Lake Rosalindside','8678200171','wnicolas@example.com','Quibusdam alias vel error minus ipsam consequatur deserunt. Ut ad molestiae nobis non ut distinctio fuga. Et doloribus et tempora repellendus qui. Quam aut perspiciatis sint delectus.','2006-10-12 18:58:32','2011-11-17 23:27:48'),
('6','2012-06-15','m','South Elseland','8708313331','creola13@example.com','Eius dolorum et consequatur. Velit quod ratione doloremque id nam aut aut. Asperiores nisi aut rem a blanditiis at.','1987-07-15 14:12:52','2008-05-11 13:01:02'),
('94','1995-05-18','m','West Florida','9078622480','hbarrows@example.org','Sed est omnis nobis laboriosam ea et. Et et repudiandae perferendis voluptas distinctio. Odio autem error ipsum in qui veniam omnis quia. In voluptatem et vel voluptatem pariatur aut.','2009-02-07 10:21:16','1984-11-24 14:10:28'),
('61','1978-10-13','m','Delmermouth','9900369684','theron83@example.net','Et laudantium libero ullam et facilis eum eligendi architecto. Quia quam velit facilis tempore. Est aut ipsum omnis amet error sequi. Similique nisi quo aut excepturi est reiciendis quo officiis.','2007-10-17 02:05:12','1996-08-05 17:42:21'); 


-- виды абонементов с ценами
INSERT INTO card_priority (priority_status, card_month_price) 
VALUES
	('KIDS', 4000.00),
	('SILVER', 2500.00),
	('GOLD', 5000.00),
	('PLATINUM', 7000.00)
;

-- абонементы с помощью filldb.info
INSERT INTO `member_card` VALUES ('1','3','20','2'),
('2','10','88','1'),
('3','3','69','2'),
('4','10','64','2'),
('5','2','6','4'),
('6','8','2','4'),
('7','7','99','1'),
('8','9','84','3'),
('9','10','56','1'),
('10','5','74','2'),
('11','4','57','3'),
('12','10','45','1'),
('13','1','16','1'),
('14','6','96','1'),
('15','4','28','2'),
('16','3','41','4'),
('17','5','26','3'),
('18','10','42','3'),
('19','1','66','4'),
('20','8','58','1'),
('21','8','48','3'),
('22','9','82','4'),
('23','5','54','4'),
('24','8','40','2'),
('25','4','1','4'),
('26','3','86','3'),
('27','10','93','4'),
('28','4','25','4'),
('29','6','85','2'),
('30','10','29','4'),
('31','8','92','4'),
('32','1','17','4'),
('33','10','83','4'),
('34','6','80','2'),
('35','8','24','4'),
('36','3','95','1'),
('37','4','91','1'),
('38','1','19','2'),
('39','5','77','4'),
('40','4','55','4'),
('41','6','78','4'),
('42','6','76','3'),
('43','2','62','3'),
('44','10','73','1'),
('45','9','49','1'),
('46','9','63','4'),
('47','3','100','4'),
('48','8','9','1'),
('49','3','15','3'),
('50','8','67','4'),
('51','7','46','1'),
('52','3','50','4'),
('53','2','30','2'),
('54','3','35','1'),
('55','3','97','3'),
('56','8','23','3'),
('57','10','14','1'),
('58','8','34','3'),
('59','10','11','3'),
('60','5','72','2'),
('61','4','94','2'),
('62','6','5','2'),
('63','4','68','3'),
('64','10','22','2'),
('65','3','52','2'),
('66','3','87','3'),
('67','9','51','3'),
('68','6','13','3'),
('69','8','32','1'),
('70','10','71','3'),
('71','9','59','4'),
('72','8','44','2'),
('73','6','60','3'),
('74','10','4','2'),
('75','9','18','2'),
('76','1','36','3'),
('77','5','79','2'),
('78','8','12','2'),
('79','3','89','2'),
('80','10','10','2'),
('81','1','38','1'),
('82','3','47','1'),
('83','6','75','1'),
('84','9','8','4'),
('85','8','7','4'),
('86','5','21','2'),
('87','10','53','1'),
('88','6','3','4'),
('89','6','65','4'),
('90','5','70','2'),
('91','3','81','4'),
('92','4','39','4'),
('93','1','61','1'),
('94','2','98','2'),
('95','2','33','2'),
('96','2','27','1'),
('97','6','43','1'),
('98','5','31','3'),
('99','8','37','4'),
('100','9','90','2'); 


-- виды занятий
INSERT INTO training_type (type_name) 
VALUES
('Weight Training'),
('Aqua Training'),
('Yoga Training'),
('Combo Training'),
('Functional Training'),
('Dance'),
('Smart Body'),
('Aerobic'),
('Martial Arts')
;

-- треировки по видам + тренер
INSERT INTO training (traning_name, training_type_id) 
VALUES
('Fit Ball', '1'),
('Aqua Press', '2'),
('Hatha Yoga', '3'),
('ABS&Stretch', '4'),
('Aerobic', '8'),
('Step&Sculpt', '4'),
('Pump', '1'),
('Pilates', '3'),
('Functional Training', '5'),
('Aqua Mix', '2'),
('Belly Dance', '6'),
('Healsy Back', '7'),
('Low Body', '1'),
('Power Ball', '8'),
('Step', '8'),
('Tai-bo', '9'),
('Kundalini Yoga', '3'),
('Total Body', '1'),
('Body Sculpt', '7'),
('Zumba', '6'),
('Boks', '9')
;

-- расписание тренировок (только для клуба с id = 1) чисто для выборок
INSERT INTO timetable (week_day, start_time, training_id, staff_id, club_id) 
VALUES
('Monday', '10:00', '1', '180', '1'),
('Monday', '10:15', '2', '185', '1'),
('Monday', '10:30', '3', '191', '1'),
('Monday', '11:00', '4', '203', '1'),
('Monday', '17:00', '5', '241', '1'),
('Monday', '19:00', '6', '203', '1'),
('Monday', '20:00', '7', '180', '1'),
('Monday', '21:00', '8', '191', '1'),
('Tuesday', '10:00', '9', '267', '1'),
('Tuesday', '10:15', '10', '185', '1'),
('Tuesday', '11:00', '8', '191', '1'),
('Tuesday', '12:00', '11', '274', '1'),
('Tuesday', '17:00', '12', '225', '1'),
('Tuesday', '18:00', '4', '203', '1'),
('Tuesday', '19:00', '13', '180', '1'),
('Tuesday', '19:15', '14', '241', '1'),
('Tuesday', '20:00', '15', '241', '1'),
('Tuesday', '21:00', '3', '191', '1'),
('Wednesday', '10:00', '16', '242', '1'),
('Wednesday', '10:15', '2', '185', '1'),
('Wednesday', '10:30', '17', '191', '1'),
('Wednesday', '11:00', '13', '180', '1'),
('Wednesday', '12:00', '4', '203', '1'),
('Wednesday', '19:00', '18', '180', '1'),
('Wednesday', '20:00', '19', '225', '1'),
('Wednesday', '21:00', '4', '203', '1'),
('Thursday', '10:00', '20', '274', '1'),
('Thursday', '10:15', '10', '185', '1'),
('Thursday', '11:00', '18', '180', '1'),
('Thursday', '12:00', '4', '203', '1'),
('Thursday', '18:00', '12', '225', '1'),
('Thursday', '19:00', '7', '180', '1'),
('Thursday', '20:00', '21', '242', '1'),
('Thursday', '21:00', '4', '203', '1'),
('Friday', '10:00', '16', '242', '1'),
('Friday', '10:15', '2', '185', '1'),
('Friday', '10:30', '17', '191', '1'),
('Friday', '11:00', '12', '225', '1'),
('Friday', '19:00', '7', '180', '1'),
('Friday', '20:00', '4', '203', '1'),
('Friday', '21:00', '1', '180', '1'),
('Saturday', '10:30', '17', '191', '1'),
('Saturday', '11:00', '9', '267', '1'),
('Saturday', '12:00', '16', '242', '1'),
('Saturday', '13:00', '4', '203', '1'),
('Saturday', '14:00', '21', '242', '1'),
('Sunday', '11:00', '7', '180', '1'),
('Sunday', '12:00', '16', '242', '1'),
('Sunday', '13:00', '4', '203', '1'),
('Sunday', '13:30', '2', '185', '1'),
('Sunday', '14:00', '3', '191', '1')
;

INSERT INTO personal_trainings (club_id, training_id, staff_id, client_id, week_day, start_time) 
VALUES
('1', '1', '180', '88', 'Monday', '08:00'),
('1', '2', '185', '99', 'Monday', '10:00'),
('1', '3', '191', '16', 'Wednesday', '10:00'),
('1', '4', '203', '91', 'Tuesday', '10:00'),
('1', '5', '207', '60', 'Wednesday', '20:00'),
('1', '4', '203', '71', 'Monday', '12:00'),
('1', '1', '180', '47', 'Tuesday', '13:00'),
('1', '3', '191', '2', 'Friday', '16:00'),
('1', '5', '267', '11', 'Sunday', '11:00'),
('1', '2', '185', '88', 'Tuesday', '15:00');



	